target_type,target,test_name,repeat_idx,alpha,r2_test_original,r2_test_transformed,delta_r2_test,mapped_back_cosine,abs_delta_r2_test
raw,MolWt,orthogonal_rotation,0,0.0001,0.9502467397196872,0.9502463291527057,-4.105669815235302e-07,0.9999995243817288,4.105669815235302e-07
raw,MolWt,orthogonal_rotation,1,0.0001,0.9502467397196872,0.950246329152706,-4.105669811904633e-07,0.9999995243817281,4.105669811904633e-07
raw,MolWt,orthogonal_rotation,2,0.0001,0.9502467397196872,0.9502463291527065,-4.105669807463741e-07,0.9999995243817287,4.105669807463741e-07
raw,MolWt,orthogonal_rotation,3,0.0001,0.9502467397196872,0.9502463291527053,-4.105669818565971e-07,0.999999524381729,4.105669818565971e-07
raw,MolWt,orthogonal_rotation,4,0.0001,0.9502467397196872,0.9502463291527059,-4.105669813014856e-07,0.9999995243817282,4.105669813014856e-07
raw,MolWt,sign_flip,0,0.0001,0.9502467397196872,0.950246329152706,-4.105669811904633e-07,0.9999995243817278,4.105669811904633e-07
raw,MolWt,sign_flip,1,0.0001,0.9502467397196872,0.950246329152706,-4.105669811904633e-07,0.9999995243817278,4.105669811904633e-07
raw,MolWt,sign_flip,2,0.0001,0.9502467397196872,0.950246329152706,-4.105669811904633e-07,0.9999995243817278,4.105669811904633e-07
raw,MolWt,sign_flip,3,0.0001,0.9502467397196872,0.950246329152706,-4.105669811904633e-07,0.9999995243817278,4.105669811904633e-07
raw,MolWt,sign_flip,4,0.0001,0.9502467397196872,0.950246329152706,-4.105669811904633e-07,0.9999995243817278,4.105669811904633e-07
raw,MolWt,dimension_permutation,0,0.0001,0.9502467397196872,0.9502463291527059,-4.105669813014856e-07,0.9999995243817287,4.105669813014856e-07
raw,MolWt,dimension_permutation,1,0.0001,0.9502467397196872,0.950246329152706,-4.105669811904633e-07,0.9999995243817281,4.105669811904633e-07
raw,MolWt,dimension_permutation,2,0.0001,0.9502467397196872,0.9502463291527061,-4.10566981079441e-07,0.9999995243817281,4.10566981079441e-07
raw,MolWt,dimension_permutation,3,0.0001,0.9502467397196872,0.9502463291527059,-4.105669813014856e-07,0.9999995243817285,4.105669813014856e-07
raw,MolWt,dimension_permutation,4,0.0001,0.9502467397196872,0.9502463291527058,-4.105669814125079e-07,0.9999995243817282,4.105669814125079e-07
raw,ExactMolWt,orthogonal_rotation,0,0.1,0.9505179877597572,0.9505177543098888,-2.3344986832540826e-07,0.9999995887720379,2.3344986832540826e-07
raw,ExactMolWt,orthogonal_rotation,1,0.1,0.9505179877597572,0.9505177543098888,-2.3344986832540826e-07,0.9999995887720387,2.3344986832540826e-07
raw,ExactMolWt,orthogonal_rotation,2,0.1,0.9505179877597572,0.9505177543098888,-2.3344986832540826e-07,0.9999995887720375,2.3344986832540826e-07
raw,ExactMolWt,orthogonal_rotation,3,0.1,0.9505179877597572,0.9505177543098882,-2.3344986899154208e-07,0.9999995887720384,2.3344986899154208e-07
raw,ExactMolWt,orthogonal_rotation,4,0.1,0.9505179877597572,0.9505177543098893,-2.3344986788131905e-07,0.9999995887720387,2.3344986788131905e-07
raw,ExactMolWt,sign_flip,0,0.1,0.9505179877597572,0.9505177543098895,-2.3344986765927445e-07,0.9999995887720384,2.3344986765927445e-07
raw,ExactMolWt,sign_flip,1,0.1,0.9505179877597572,0.9505177543098895,-2.3344986765927445e-07,0.9999995887720384,2.3344986765927445e-07
raw,ExactMolWt,sign_flip,2,0.1,0.9505179877597572,0.9505177543098895,-2.3344986765927445e-07,0.9999995887720384,2.3344986765927445e-07
raw,ExactMolWt,sign_flip,3,0.1,0.9505179877597572,0.9505177543098895,-2.3344986765927445e-07,0.9999995887720384,2.3344986765927445e-07
raw,ExactMolWt,sign_flip,4,0.1,0.9505179877597572,0.9505177543098895,-2.3344986765927445e-07,0.9999995887720384,2.3344986765927445e-07
raw,ExactMolWt,dimension_permutation,0,0.1,0.9505179877597572,0.9505177543098892,-2.3344986799234135e-07,0.9999995887720382,2.3344986799234135e-07
raw,ExactMolWt,dimension_permutation,1,0.1,0.9505179877597572,0.9505177543098896,-2.3344986754825214e-07,0.9999995887720387,2.3344986754825214e-07
raw,ExactMolWt,dimension_permutation,2,0.1,0.9505179877597572,0.9505177543098892,-2.3344986799234135e-07,0.9999995887720384,2.3344986799234135e-07
raw,ExactMolWt,dimension_permutation,3,0.1,0.9505179877597572,0.950517754309889,-2.3344986810336366e-07,0.9999995887720381,2.3344986810336366e-07
raw,ExactMolWt,dimension_permutation,4,0.1,0.9505179877597572,0.9505177543098894,-2.3344986777029675e-07,0.9999995887720381,2.3344986777029675e-07
raw,HeavyAtomCount,orthogonal_rotation,0,0.03162277660168379,0.9758669123763968,0.9758667097456041,-2.0263079270055329e-07,0.9999996083280096,2.0263079270055329e-07
raw,HeavyAtomCount,orthogonal_rotation,1,0.03162277660168379,0.9758669123763968,0.9758667097456034,-2.026307933666871e-07,0.9999996083280086,2.026307933666871e-07
raw,HeavyAtomCount,orthogonal_rotation,2,0.03162277660168379,0.9758669123763968,0.9758667097456033,-2.026307934777094e-07,0.9999996083280087,2.026307934777094e-07
raw,HeavyAtomCount,orthogonal_rotation,3,0.03162277660168379,0.9758669123763968,0.9758667097456033,-2.026307934777094e-07,0.9999996083280086,2.026307934777094e-07
raw,HeavyAtomCount,orthogonal_rotation,4,0.03162277660168379,0.9758669123763968,0.9758667097456032,-2.026307935887317e-07,0.9999996083280088,2.026307935887317e-07
raw,HeavyAtomCount,sign_flip,0,0.03162277660168379,0.9758669123763968,0.9758667097456035,-2.026307932556648e-07,0.9999996083280095,2.026307932556648e-07
raw,HeavyAtomCount,sign_flip,1,0.03162277660168379,0.9758669123763968,0.9758667097456035,-2.026307932556648e-07,0.9999996083280095,2.026307932556648e-07
raw,HeavyAtomCount,sign_flip,2,0.03162277660168379,0.9758669123763968,0.9758667097456035,-2.026307932556648e-07,0.9999996083280095,2.026307932556648e-07
raw,HeavyAtomCount,sign_flip,3,0.03162277660168379,0.9758669123763968,0.9758667097456035,-2.026307932556648e-07,0.9999996083280095,2.026307932556648e-07
raw,HeavyAtomCount,sign_flip,4,0.03162277660168379,0.9758669123763968,0.9758667097456035,-2.026307932556648e-07,0.9999996083280095,2.026307932556648e-07
raw,HeavyAtomCount,dimension_permutation,0,0.03162277660168379,0.9758669123763968,0.9758667097456034,-2.026307933666871e-07,0.9999996083280093,2.026307933666871e-07
raw,HeavyAtomCount,dimension_permutation,1,0.03162277660168379,0.9758669123763968,0.9758667097456036,-2.026307931446425e-07,0.9999996083280097,2.026307931446425e-07
raw,HeavyAtomCount,dimension_permutation,2,0.03162277660168379,0.9758669123763968,0.9758667097456035,-2.026307932556648e-07,0.9999996083280095,2.026307932556648e-07
raw,HeavyAtomCount,dimension_permutation,3,0.03162277660168379,0.9758669123763968,0.9758667097456035,-2.026307932556648e-07,0.9999996083280093,2.026307932556648e-07
raw,HeavyAtomCount,dimension_permutation,4,0.03162277660168379,0.9758669123763968,0.9758667097456036,-2.026307931446425e-07,0.9999996083280096,2.026307931446425e-07
raw,cLogP,orthogonal_rotation,0,3.1622776601683795,0.7698921690372655,0.7698916508489582,-5.181883073746008e-07,0.9999997234228385,5.181883073746008e-07
raw,cLogP,orthogonal_rotation,1,3.1622776601683795,0.7698921690372655,0.7698916508489582,-5.181883073746008e-07,0.9999997234228385,5.181883073746008e-07
raw,cLogP,orthogonal_rotation,2,3.1622776601683795,0.7698921690372655,0.7698916508489593,-5.181883062643777e-07,0.9999997234228387,5.181883062643777e-07
raw,cLogP,orthogonal_rotation,3,3.1622776601683795,0.7698921690372655,0.7698916508489595,-5.181883060423331e-07,0.9999997234228384,5.181883060423331e-07
raw,cLogP,orthogonal_rotation,4,3.1622776601683795,0.7698921690372655,0.7698916508489568,-5.181883087068684e-07,0.9999997234228387,5.181883087068684e-07
raw,cLogP,sign_flip,0,3.1622776601683795,0.7698921690372655,0.7698916508489584,-5.181883071525561e-07,0.9999997234228388,5.181883071525561e-07
raw,cLogP,sign_flip,1,3.1622776601683795,0.7698921690372655,0.7698916508489584,-5.181883071525561e-07,0.9999997234228388,5.181883071525561e-07
raw,cLogP,sign_flip,2,3.1622776601683795,0.7698921690372655,0.7698916508489584,-5.181883071525561e-07,0.9999997234228388,5.181883071525561e-07
raw,cLogP,sign_flip,3,3.1622776601683795,0.7698921690372655,0.7698916508489584,-5.181883071525561e-07,0.9999997234228388,5.181883071525561e-07
raw,cLogP,sign_flip,4,3.1622776601683795,0.7698921690372655,0.7698916508489584,-5.181883071525561e-07,0.9999997234228388,5.181883071525561e-07
raw,cLogP,dimension_permutation,0,3.1622776601683795,0.7698921690372655,0.7698916508489577,-5.1818830781869e-07,0.9999997234228388,5.1818830781869e-07
raw,cLogP,dimension_permutation,1,3.1622776601683795,0.7698921690372655,0.7698916508489577,-5.1818830781869e-07,0.9999997234228392,5.1818830781869e-07
raw,cLogP,dimension_permutation,2,3.1622776601683795,0.7698921690372655,0.7698916508489583,-5.181883072635785e-07,0.9999997234228388,5.181883072635785e-07
raw,cLogP,dimension_permutation,3,3.1622776601683795,0.7698921690372655,0.7698916508489579,-5.181883075966454e-07,0.9999997234228388,5.181883075966454e-07
raw,cLogP,dimension_permutation,4,3.1622776601683795,0.7698921690372655,0.7698916508489585,-5.181883070415338e-07,0.9999997234228387,5.181883070415338e-07
raw,TPSA,orthogonal_rotation,0,10.0,0.7765019312020169,0.7765013101409727,-6.210610442591857e-07,0.9999996753433245,6.210610442591857e-07
raw,TPSA,orthogonal_rotation,1,10.0,0.7765019312020169,0.7765013101409737,-6.21061043259985e-07,0.9999996753433243,6.21061043259985e-07
raw,TPSA,orthogonal_rotation,2,10.0,0.7765019312020169,0.776501310140972,-6.210610449253195e-07,0.9999996753433239,6.210610449253195e-07
raw,TPSA,orthogonal_rotation,3,10.0,0.7765019312020169,0.7765013101409743,-6.210610425938512e-07,0.9999996753433243,6.210610425938512e-07
raw,TPSA,orthogonal_rotation,4,10.0,0.7765019312020169,0.7765013101409725,-6.210610444812303e-07,0.9999996753433237,6.210610444812303e-07
raw,TPSA,sign_flip,0,10.0,0.7765019312020169,0.776501310140975,-6.210610419277174e-07,0.9999996753433245,6.210610419277174e-07
raw,TPSA,sign_flip,1,10.0,0.7765019312020169,0.776501310140975,-6.210610419277174e-07,0.9999996753433245,6.210610419277174e-07
raw,TPSA,sign_flip,2,10.0,0.7765019312020169,0.776501310140975,-6.210610419277174e-07,0.9999996753433245,6.210610419277174e-07
raw,TPSA,sign_flip,3,10.0,0.7765019312020169,0.776501310140975,-6.210610419277174e-07,0.9999996753433245,6.210610419277174e-07
raw,TPSA,sign_flip,4,10.0,0.7765019312020169,0.776501310140975,-6.210610419277174e-07,0.9999996753433245,6.210610419277174e-07
raw,TPSA,dimension_permutation,0,10.0,0.7765019312020169,0.7765013101409748,-6.21061042149762e-07,0.9999996753433243,6.21061042149762e-07
raw,TPSA,dimension_permutation,1,10.0,0.7765019312020169,0.7765013101409758,-6.210610411505613e-07,0.9999996753433245,6.210610411505613e-07
raw,TPSA,dimension_permutation,2,10.0,0.7765019312020169,0.7765013101409752,-6.210610417056728e-07,0.9999996753433245,6.210610417056728e-07
raw,TPSA,dimension_permutation,3,10.0,0.7765019312020169,0.7765013101409758,-6.210610411505613e-07,0.9999996753433245,6.210610411505613e-07
raw,TPSA,dimension_permutation,4,10.0,0.7765019312020169,0.7765013101409755,-6.210610414836282e-07,0.9999996753433243,6.210610414836282e-07
raw,HBD,orthogonal_rotation,0,31.622776601683793,0.3517636175782157,0.3517630683061318,-5.492720839272991e-07,0.9999998315124587,5.492720839272991e-07
raw,HBD,orthogonal_rotation,1,31.622776601683793,0.3517636175782157,0.35176306830612836,-5.492720873689905e-07,0.9999998315124586,5.492720873689905e-07
raw,HBD,orthogonal_rotation,2,31.622776601683793,0.3517636175782157,0.35176306830613036,-5.49272085370589e-07,0.9999998315124587,5.49272085370589e-07
raw,HBD,orthogonal_rotation,3,31.622776601683793,0.3517636175782157,0.35176306830613013,-5.492720855926336e-07,0.9999998315124587,5.492720855926336e-07
raw,HBD,orthogonal_rotation,4,31.622776601683793,0.3517636175782157,0.35176306830612947,-5.492720862587674e-07,0.9999998315124586,5.492720862587674e-07
raw,HBD,sign_flip,0,31.622776601683793,0.3517636175782157,0.3517630683061308,-5.492720849264998e-07,0.9999998315124587,5.492720849264998e-07
raw,HBD,sign_flip,1,31.622776601683793,0.3517636175782157,0.3517630683061308,-5.492720849264998e-07,0.9999998315124587,5.492720849264998e-07
raw,HBD,sign_flip,2,31.622776601683793,0.3517636175782157,0.3517630683061308,-5.492720849264998e-07,0.9999998315124587,5.492720849264998e-07
raw,HBD,sign_flip,3,31.622776601683793,0.3517636175782157,0.3517630683061308,-5.492720849264998e-07,0.9999998315124587,5.492720849264998e-07
raw,HBD,sign_flip,4,31.622776601683793,0.3517636175782157,0.3517630683061308,-5.492720849264998e-07,0.9999998315124587,5.492720849264998e-07
raw,HBD,dimension_permutation,0,31.622776601683793,0.3517636175782157,0.3517630683061308,-5.492720849264998e-07,0.9999998315124587,5.492720849264998e-07
raw,HBD,dimension_permutation,1,31.622776601683793,0.3517636175782157,0.3517630683061309,-5.492720848154775e-07,0.9999998315124587,5.492720848154775e-07
raw,HBD,dimension_permutation,2,31.622776601683793,0.3517636175782157,0.3517630683061308,-5.492720849264998e-07,0.9999998315124589,5.492720849264998e-07
raw,HBD,dimension_permutation,3,31.622776601683793,0.3517636175782157,0.3517630683061308,-5.492720849264998e-07,0.9999998315124586,5.492720849264998e-07
raw,HBD,dimension_permutation,4,31.622776601683793,0.3517636175782157,0.3517630683061308,-5.492720849264998e-07,0.9999998315124589,5.492720849264998e-07
raw,HBA,orthogonal_rotation,0,0.0001,0.7998492999046788,0.7998483962569349,-9.03647743855096e-07,0.9999996885264198,9.03647743855096e-07
raw,HBA,orthogonal_rotation,1,0.0001,0.7998492999046788,0.7998483962569356,-9.036477431889622e-07,0.9999996885264198,9.036477431889622e-07
raw,HBA,orthogonal_rotation,2,0.0001,0.7998492999046788,0.7998483962569367,-9.036477420787392e-07,0.9999996885264196,9.036477420787392e-07
raw,HBA,orthogonal_rotation,3,0.0001,0.7998492999046788,0.7998483962569362,-9.036477426338507e-07,0.9999996885264201,9.036477426338507e-07
raw,HBA,orthogonal_rotation,4,0.0001,0.7998492999046788,0.7998483962569356,-9.036477431889622e-07,0.9999996885264194,9.036477431889622e-07
raw,HBA,sign_flip,0,0.0001,0.7998492999046788,0.7998483962569367,-9.036477420787392e-07,0.9999996885264198,9.036477420787392e-07
raw,HBA,sign_flip,1,0.0001,0.7998492999046788,0.7998483962569367,-9.036477420787392e-07,0.9999996885264198,9.036477420787392e-07
raw,HBA,sign_flip,2,0.0001,0.7998492999046788,0.7998483962569367,-9.036477420787392e-07,0.9999996885264198,9.036477420787392e-07
raw,HBA,sign_flip,3,0.0001,0.7998492999046788,0.7998483962569367,-9.036477420787392e-07,0.9999996885264198,9.036477420787392e-07
raw,HBA,sign_flip,4,0.0001,0.7998492999046788,0.7998483962569367,-9.036477420787392e-07,0.9999996885264198,9.036477420787392e-07
raw,HBA,dimension_permutation,0,0.0001,0.7998492999046788,0.7998483962569365,-9.036477423007838e-07,0.9999996885264203,9.036477423007838e-07
raw,HBA,dimension_permutation,1,0.0001,0.7998492999046788,0.7998483962569365,-9.036477423007838e-07,0.9999996885264198,9.036477423007838e-07
raw,HBA,dimension_permutation,2,0.0001,0.7998492999046788,0.7998483962569362,-9.036477426338507e-07,0.9999996885264201,9.036477426338507e-07
raw,HBA,dimension_permutation,3,0.0001,0.7998492999046788,0.7998483962569368,-9.036477419677169e-07,0.9999996885264201,9.036477419677169e-07
raw,HBA,dimension_permutation,4,0.0001,0.7998492999046788,0.7998483962569366,-9.036477421897615e-07,0.9999996885264198,9.036477421897615e-07
raw,NumRotatableBonds,orthogonal_rotation,0,0.03162277660168379,0.5658928821008258,0.5658930652480285,1.8314720273693297e-07,0.9999998393859494,1.8314720273693297e-07
raw,NumRotatableBonds,orthogonal_rotation,1,0.03162277660168379,0.5658928821008258,0.5658930652480304,1.831472046243121e-07,0.9999998393859492,1.831472046243121e-07
raw,NumRotatableBonds,orthogonal_rotation,2,0.03162277660168379,0.5658928821008258,0.5658930652480296,1.83147203847156e-07,0.9999998393859492,1.83147203847156e-07
raw,NumRotatableBonds,orthogonal_rotation,3,0.03162277660168379,0.5658928821008258,0.5658930652480312,1.8314720540146823e-07,0.9999998393859492,1.8314720540146823e-07
raw,NumRotatableBonds,orthogonal_rotation,4,0.03162277660168379,0.5658928821008258,0.5658930652480293,1.8314720351408909e-07,0.999999839385949,1.8314720351408909e-07
raw,NumRotatableBonds,sign_flip,0,0.03162277660168379,0.5658928821008258,0.5658930652480304,1.831472046243121e-07,0.9999998393859488,1.831472046243121e-07
raw,NumRotatableBonds,sign_flip,1,0.03162277660168379,0.5658928821008258,0.5658930652480304,1.831472046243121e-07,0.9999998393859488,1.831472046243121e-07
raw,NumRotatableBonds,sign_flip,2,0.03162277660168379,0.5658928821008258,0.5658930652480304,1.831472046243121e-07,0.9999998393859488,1.831472046243121e-07
raw,NumRotatableBonds,sign_flip,3,0.03162277660168379,0.5658928821008258,0.5658930652480304,1.831472046243121e-07,0.9999998393859488,1.831472046243121e-07
raw,NumRotatableBonds,sign_flip,4,0.03162277660168379,0.5658928821008258,0.5658930652480304,1.831472046243121e-07,0.9999998393859488,1.831472046243121e-07
raw,NumRotatableBonds,dimension_permutation,0,0.03162277660168379,0.5658928821008258,0.5658930652480303,1.831472045132898e-07,0.999999839385949,1.831472045132898e-07
raw,NumRotatableBonds,dimension_permutation,1,0.03162277660168379,0.5658928821008258,0.5658930652480301,1.831472042912452e-07,0.999999839385949,1.831472042912452e-07
raw,NumRotatableBonds,dimension_permutation,2,0.03162277660168379,0.5658928821008258,0.5658930652480301,1.831472042912452e-07,0.999999839385949,1.831472042912452e-07
raw,NumRotatableBonds,dimension_permutation,3,0.03162277660168379,0.5658928821008258,0.5658930652480295,1.831472037361337e-07,0.999999839385949,1.831472037361337e-07
raw,NumRotatableBonds,dimension_permutation,4,0.03162277660168379,0.5658928821008258,0.5658930652480301,1.831472042912452e-07,0.9999998393859492,1.831472042912452e-07
raw,RingCount,orthogonal_rotation,0,10.0,0.8917892531131884,0.8917896535172247,4.0040403637142674e-07,0.9999997089855418,4.0040403637142674e-07
raw,RingCount,orthogonal_rotation,1,10.0,0.8917892531131884,0.8917896535172244,4.0040403603835983e-07,0.9999997089855416,4.0040403603835983e-07
raw,RingCount,orthogonal_rotation,2,10.0,0.8917892531131884,0.8917896535172233,4.004040349281368e-07,0.9999997089855418,4.004040349281368e-07
raw,RingCount,orthogonal_rotation,3,10.0,0.8917892531131884,0.891789653517224,4.004040355942706e-07,0.9999997089855418,4.004040355942706e-07
raw,RingCount,orthogonal_rotation,4,10.0,0.8917892531131884,0.8917896535172235,4.004040351501814e-07,0.9999997089855416,4.004040351501814e-07
raw,RingCount,sign_flip,0,10.0,0.8917892531131884,0.8917896535172244,4.0040403603835983e-07,0.9999997089855425,4.0040403603835983e-07
raw,RingCount,sign_flip,1,10.0,0.8917892531131884,0.8917896535172244,4.0040403603835983e-07,0.9999997089855425,4.0040403603835983e-07
raw,RingCount,sign_flip,2,10.0,0.8917892531131884,0.8917896535172244,4.0040403603835983e-07,0.9999997089855425,4.0040403603835983e-07
raw,RingCount,sign_flip,3,10.0,0.8917892531131884,0.8917896535172244,4.0040403603835983e-07,0.9999997089855425,4.0040403603835983e-07
raw,RingCount,sign_flip,4,10.0,0.8917892531131884,0.8917896535172244,4.0040403603835983e-07,0.9999997089855425,4.0040403603835983e-07
raw,RingCount,dimension_permutation,0,10.0,0.8917892531131884,0.8917896535172245,4.0040403614938214e-07,0.9999997089855426,4.0040403614938214e-07
raw,RingCount,dimension_permutation,1,10.0,0.8917892531131884,0.8917896535172247,4.0040403637142674e-07,0.9999997089855422,4.0040403637142674e-07
raw,RingCount,dimension_permutation,2,10.0,0.8917892531131884,0.8917896535172241,4.0040403570529293e-07,0.9999997089855426,4.0040403570529293e-07
raw,RingCount,dimension_permutation,3,10.0,0.8917892531131884,0.8917896535172243,4.0040403592733753e-07,0.9999997089855421,4.0040403592733753e-07
raw,RingCount,dimension_permutation,4,10.0,0.8917892531131884,0.8917896535172251,4.0040403670449365e-07,0.9999997089855422,4.0040403670449365e-07
raw,AromaticRingCount,orthogonal_rotation,0,0.31622776601683794,0.8854647074249817,0.8854644469328097,-2.6049217205503794e-07,0.9999997026152364,2.6049217205503794e-07
raw,AromaticRingCount,orthogonal_rotation,1,0.31622776601683794,0.8854647074249817,0.885464446932809,-2.6049217272117176e-07,0.9999997026152363,2.6049217272117176e-07
raw,AromaticRingCount,orthogonal_rotation,2,0.31622776601683794,0.8854647074249817,0.8854644469328106,-2.604921711668595e-07,0.9999997026152362,2.604921711668595e-07
raw,AromaticRingCount,orthogonal_rotation,3,0.31622776601683794,0.8854647074249817,0.8854644469328086,-2.6049217316526097e-07,0.9999997026152363,2.6049217316526097e-07
raw,AromaticRingCount,orthogonal_rotation,4,0.31622776601683794,0.8854647074249817,0.8854644469328089,-2.6049217283219406e-07,0.9999997026152363,2.6049217283219406e-07
raw,AromaticRingCount,sign_flip,0,0.31622776601683794,0.8854647074249817,0.8854644469328097,-2.6049217205503794e-07,0.9999997026152364,2.6049217205503794e-07
raw,AromaticRingCount,sign_flip,1,0.31622776601683794,0.8854647074249817,0.8854644469328097,-2.6049217205503794e-07,0.9999997026152364,2.6049217205503794e-07
raw,AromaticRingCount,sign_flip,2,0.31622776601683794,0.8854647074249817,0.8854644469328097,-2.6049217205503794e-07,0.9999997026152364,2.6049217205503794e-07
raw,AromaticRingCount,sign_flip,3,0.31622776601683794,0.8854647074249817,0.8854644469328097,-2.6049217205503794e-07,0.9999997026152364,2.6049217205503794e-07
raw,AromaticRingCount,sign_flip,4,0.31622776601683794,0.8854647074249817,0.8854644469328097,-2.6049217205503794e-07,0.9999997026152364,2.6049217205503794e-07
raw,AromaticRingCount,dimension_permutation,0,0.31622776601683794,0.8854647074249817,0.8854644469328093,-2.6049217238810485e-07,0.9999997026152363,2.6049217238810485e-07
raw,AromaticRingCount,dimension_permutation,1,0.31622776601683794,0.8854647074249817,0.8854644469328095,-2.6049217227708255e-07,0.9999997026152363,2.6049217227708255e-07
raw,AromaticRingCount,dimension_permutation,2,0.31622776601683794,0.8854647074249817,0.8854644469328096,-2.6049217216606024e-07,0.9999997026152364,2.6049217216606024e-07
raw,AromaticRingCount,dimension_permutation,3,0.31622776601683794,0.8854647074249817,0.8854644469328096,-2.6049217216606024e-07,0.9999997026152363,2.6049217216606024e-07
raw,AromaticRingCount,dimension_permutation,4,0.31622776601683794,0.8854647074249817,0.8854644469328097,-2.6049217205503794e-07,0.9999997026152364,2.6049217205503794e-07
raw,FractionCSP3,orthogonal_rotation,0,0.0001,0.8586883139231699,0.8586881370546469,-1.7686852304965583e-07,0.9999997755432724,1.7686852304965583e-07
raw,FractionCSP3,orthogonal_rotation,1,0.0001,0.8586883139231699,0.8586881370546462,-1.7686852371578965e-07,0.9999997755432724,1.7686852371578965e-07
raw,FractionCSP3,orthogonal_rotation,2,0.0001,0.8586883139231699,0.8586881370546464,-1.7686852349374504e-07,0.9999997755432724,1.7686852349374504e-07
raw,FractionCSP3,orthogonal_rotation,3,0.0001,0.8586883139231699,0.8586881370546463,-1.7686852360476735e-07,0.9999997755432722,1.7686852360476735e-07
raw,FractionCSP3,orthogonal_rotation,4,0.0001,0.8586883139231699,0.8586881370546465,-1.7686852338272274e-07,0.9999997755432718,1.7686852338272274e-07
raw,FractionCSP3,sign_flip,0,0.0001,0.8586883139231699,0.8586881370546464,-1.7686852349374504e-07,0.9999997755432721,1.7686852349374504e-07
raw,FractionCSP3,sign_flip,1,0.0001,0.8586883139231699,0.8586881370546464,-1.7686852349374504e-07,0.9999997755432721,1.7686852349374504e-07
raw,FractionCSP3,sign_flip,2,0.0001,0.8586883139231699,0.8586881370546464,-1.7686852349374504e-07,0.9999997755432721,1.7686852349374504e-07
raw,FractionCSP3,sign_flip,3,0.0001,0.8586883139231699,0.8586881370546464,-1.7686852349374504e-07,0.9999997755432721,1.7686852349374504e-07
raw,FractionCSP3,sign_flip,4,0.0001,0.8586883139231699,0.8586881370546464,-1.7686852349374504e-07,0.9999997755432721,1.7686852349374504e-07
raw,FractionCSP3,dimension_permutation,0,0.0001,0.8586883139231699,0.8586881370546465,-1.7686852338272274e-07,0.9999997755432721,1.7686852338272274e-07
raw,FractionCSP3,dimension_permutation,1,0.0001,0.8586883139231699,0.8586881370546464,-1.7686852349374504e-07,0.9999997755432719,1.7686852349374504e-07
raw,FractionCSP3,dimension_permutation,2,0.0001,0.8586883139231699,0.8586881370546463,-1.7686852360476735e-07,0.9999997755432721,1.7686852360476735e-07
raw,FractionCSP3,dimension_permutation,3,0.0001,0.8586883139231699,0.8586881370546464,-1.7686852349374504e-07,0.9999997755432721,1.7686852349374504e-07
raw,FractionCSP3,dimension_permutation,4,0.0001,0.8586883139231699,0.8586881370546463,-1.7686852360476735e-07,0.9999997755432721,1.7686852360476735e-07
raw,NumSpiroAtoms,orthogonal_rotation,0,31.622776601683793,0.0665658395531754,0.06656514329765006,-6.962555253314795e-07,0.9999998269441853,6.962555253314795e-07
raw,NumSpiroAtoms,orthogonal_rotation,1,31.622776601683793,0.0665658395531754,0.06656514329765162,-6.962555237771673e-07,0.9999998269441853,6.962555237771673e-07
raw,NumSpiroAtoms,orthogonal_rotation,2,31.622776601683793,0.0665658395531754,0.06656514329765018,-6.962555252204572e-07,0.9999998269441853,6.962555252204572e-07
raw,NumSpiroAtoms,orthogonal_rotation,3,31.622776601683793,0.0665658395531754,0.06656514329764929,-6.962555261086356e-07,0.9999998269441854,6.962555261086356e-07
raw,NumSpiroAtoms,orthogonal_rotation,4,31.622776601683793,0.0665658395531754,0.0665651432976514,-6.962555239992119e-07,0.9999998269441857,6.962555239992119e-07
raw,NumSpiroAtoms,sign_flip,0,31.622776601683793,0.0665658395531754,0.06656514329765228,-6.962555231110334e-07,0.9999998269441857,6.962555231110334e-07
raw,NumSpiroAtoms,sign_flip,1,31.622776601683793,0.0665658395531754,0.06656514329765228,-6.962555231110334e-07,0.9999998269441857,6.962555231110334e-07
raw,NumSpiroAtoms,sign_flip,2,31.622776601683793,0.0665658395531754,0.06656514329765228,-6.962555231110334e-07,0.9999998269441857,6.962555231110334e-07
raw,NumSpiroAtoms,sign_flip,3,31.622776601683793,0.0665658395531754,0.06656514329765228,-6.962555231110334e-07,0.9999998269441857,6.962555231110334e-07
raw,NumSpiroAtoms,sign_flip,4,31.622776601683793,0.0665658395531754,0.06656514329765228,-6.962555231110334e-07,0.9999998269441857,6.962555231110334e-07
raw,NumSpiroAtoms,dimension_permutation,0,31.622776601683793,0.0665658395531754,0.0665651432976524,-6.962555230000111e-07,0.9999998269441857,6.962555230000111e-07
raw,NumSpiroAtoms,dimension_permutation,1,31.622776601683793,0.0665658395531754,0.06656514329765206,-6.96255523333078e-07,0.9999998269441854,6.96255523333078e-07
raw,NumSpiroAtoms,dimension_permutation,2,31.622776601683793,0.0665658395531754,0.0665651432976524,-6.962555230000111e-07,0.9999998269441858,6.962555230000111e-07
raw,NumSpiroAtoms,dimension_permutation,3,31.622776601683793,0.0665658395531754,0.0665651432976524,-6.962555230000111e-07,0.9999998269441857,6.962555230000111e-07
raw,NumSpiroAtoms,dimension_permutation,4,31.622776601683793,0.0665658395531754,0.0665651432976524,-6.962555230000111e-07,0.9999998269441857,6.962555230000111e-07
raw,NumBridgeheadAtoms,orthogonal_rotation,0,100.0,0.1069569226520469,0.10695695323899057,3.058694367230608e-08,0.9999998677813333,3.058694367230608e-08
raw,NumBridgeheadAtoms,orthogonal_rotation,1,100.0,0.1069569226520469,0.10695695323898802,3.058694111879312e-08,0.9999998677813332,3.058694111879312e-08
raw,NumBridgeheadAtoms,orthogonal_rotation,2,100.0,0.1069569226520469,0.10695695323898802,3.058694111879312e-08,0.9999998677813335,3.058694111879312e-08
raw,NumBridgeheadAtoms,orthogonal_rotation,3,100.0,0.1069569226520469,0.10695695323898913,3.0586942229016145e-08,0.9999998677813333,3.0586942229016145e-08
raw,NumBridgeheadAtoms,orthogonal_rotation,4,100.0,0.1069569226520469,0.10695695323898802,3.058694111879312e-08,0.9999998677813335,3.058694111879312e-08
raw,NumBridgeheadAtoms,sign_flip,0,100.0,0.1069569226520469,0.10695695323898935,3.058694245106075e-08,0.9999998677813335,3.058694245106075e-08
raw,NumBridgeheadAtoms,sign_flip,1,100.0,0.1069569226520469,0.10695695323898935,3.058694245106075e-08,0.9999998677813335,3.058694245106075e-08
raw,NumBridgeheadAtoms,sign_flip,2,100.0,0.1069569226520469,0.10695695323898935,3.058694245106075e-08,0.9999998677813335,3.058694245106075e-08
raw,NumBridgeheadAtoms,sign_flip,3,100.0,0.1069569226520469,0.10695695323898935,3.058694245106075e-08,0.9999998677813335,3.058694245106075e-08
raw,NumBridgeheadAtoms,sign_flip,4,100.0,0.1069569226520469,0.10695695323898935,3.058694245106075e-08,0.9999998677813335,3.058694245106075e-08
raw,NumBridgeheadAtoms,dimension_permutation,0,100.0,0.1069569226520469,0.10695695323898913,3.0586942229016145e-08,0.9999998677813333,3.0586942229016145e-08
raw,NumBridgeheadAtoms,dimension_permutation,1,100.0,0.1069569226520469,0.10695695323898913,3.0586942229016145e-08,0.999999867781333,3.0586942229016145e-08
raw,NumBridgeheadAtoms,dimension_permutation,2,100.0,0.1069569226520469,0.10695695323898857,3.058694167390463e-08,0.9999998677813335,3.058694167390463e-08
raw,NumBridgeheadAtoms,dimension_permutation,3,100.0,0.1069569226520469,0.1069569532389888,3.058694189594924e-08,0.9999998677813332,3.058694189594924e-08
raw,NumBridgeheadAtoms,dimension_permutation,4,100.0,0.1069569226520469,0.10695695323898913,3.0586942229016145e-08,0.9999998677813333,3.0586942229016145e-08
raw,BertzCT,orthogonal_rotation,0,0.31622776601683794,0.9493829953936332,0.9493828262751054,-1.6911852784851078e-07,0.9999995956247735,1.6911852784851078e-07
raw,BertzCT,orthogonal_rotation,1,0.31622776601683794,0.9493829953936332,0.9493828262751058,-1.6911852740442157e-07,0.999999595624774,1.6911852740442157e-07
raw,BertzCT,orthogonal_rotation,2,0.31622776601683794,0.9493829953936332,0.9493828262751058,-1.6911852740442157e-07,0.9999995956247737,1.6911852740442157e-07
raw,BertzCT,orthogonal_rotation,3,0.31622776601683794,0.9493829953936332,0.9493828262751055,-1.6911852773748848e-07,0.9999995956247743,1.6911852773748848e-07
raw,BertzCT,orthogonal_rotation,4,0.31622776601683794,0.9493829953936332,0.949382826275106,-1.6911852729339927e-07,0.9999995956247735,1.6911852729339927e-07
raw,BertzCT,sign_flip,0,0.31622776601683794,0.9493829953936332,0.9493828262751058,-1.6911852740442157e-07,0.9999995956247733,1.6911852740442157e-07
raw,BertzCT,sign_flip,1,0.31622776601683794,0.9493829953936332,0.9493828262751058,-1.6911852740442157e-07,0.9999995956247733,1.6911852740442157e-07
raw,BertzCT,sign_flip,2,0.31622776601683794,0.9493829953936332,0.9493828262751058,-1.6911852740442157e-07,0.9999995956247733,1.6911852740442157e-07
raw,BertzCT,sign_flip,3,0.31622776601683794,0.9493829953936332,0.9493828262751058,-1.6911852740442157e-07,0.9999995956247733,1.6911852740442157e-07
raw,BertzCT,sign_flip,4,0.31622776601683794,0.9493829953936332,0.9493828262751058,-1.6911852740442157e-07,0.9999995956247733,1.6911852740442157e-07
raw,BertzCT,dimension_permutation,0,0.31622776601683794,0.9493829953936332,0.949382826275106,-1.6911852729339927e-07,0.9999995956247737,1.6911852729339927e-07
raw,BertzCT,dimension_permutation,1,0.31622776601683794,0.9493829953936332,0.949382826275106,-1.6911852729339927e-07,0.9999995956247737,1.6911852729339927e-07
raw,BertzCT,dimension_permutation,2,0.31622776601683794,0.9493829953936332,0.9493828262751061,-1.6911852718237697e-07,0.9999995956247733,1.6911852718237697e-07
raw,BertzCT,dimension_permutation,3,0.31622776601683794,0.9493829953936332,0.9493828262751061,-1.6911852718237697e-07,0.9999995956247733,1.6911852718237697e-07
raw,BertzCT,dimension_permutation,4,0.31622776601683794,0.9493829953936332,0.9493828262751062,-1.6911852707135466e-07,0.9999995956247733,1.6911852707135466e-07
raw,QED,orthogonal_rotation,0,1.0,0.4308471086847005,0.4308466263290269,-4.82355673570023e-07,0.9999998148954158,4.82355673570023e-07
raw,QED,orthogonal_rotation,1,1.0,0.4308471086847005,0.4308466263290265,-4.823556740141122e-07,0.9999998148954155,4.823556740141122e-07
raw,QED,orthogonal_rotation,2,1.0,0.4308471086847005,0.4308466263290256,-4.823556749022906e-07,0.999999814895416,4.823556749022906e-07
raw,QED,orthogonal_rotation,3,1.0,0.4308471086847005,0.43084662632902626,-4.823556742361568e-07,0.999999814895416,4.823556742361568e-07
raw,QED,orthogonal_rotation,4,1.0,0.4308471086847005,0.4308466263290257,-4.823556747912683e-07,0.9999998148954155,4.823556747912683e-07
raw,QED,sign_flip,0,1.0,0.4308471086847005,0.4308466263290289,-4.823556715716215e-07,0.999999814895416,4.823556715716215e-07
raw,QED,sign_flip,1,1.0,0.4308471086847005,0.4308466263290289,-4.823556715716215e-07,0.999999814895416,4.823556715716215e-07
raw,QED,sign_flip,2,1.0,0.4308471086847005,0.4308466263290289,-4.823556715716215e-07,0.999999814895416,4.823556715716215e-07
raw,QED,sign_flip,3,1.0,0.4308471086847005,0.4308466263290289,-4.823556715716215e-07,0.999999814895416,4.823556715716215e-07
raw,QED,sign_flip,4,1.0,0.4308471086847005,0.4308466263290289,-4.823556715716215e-07,0.999999814895416,4.823556715716215e-07
raw,QED,dimension_permutation,0,1.0,0.4308471086847005,0.43084662632902937,-4.823556711275323e-07,0.999999814895416,4.823556711275323e-07
raw,QED,dimension_permutation,1,1.0,0.4308471086847005,0.43084662632902915,-4.823556713495769e-07,0.9999998148954158,4.823556713495769e-07
raw,QED,dimension_permutation,2,1.0,0.4308471086847005,0.43084662632902904,-4.823556714605992e-07,0.9999998148954158,4.823556714605992e-07
raw,QED,dimension_permutation,3,1.0,0.4308471086847005,0.4308466263290296,-4.823556709054877e-07,0.9999998148954158,4.823556709054877e-07
raw,QED,dimension_permutation,4,1.0,0.4308471086847005,0.43084662632902915,-4.823556713495769e-07,0.999999814895416,4.823556713495769e-07
resid,resid_MolWt,orthogonal_rotation,0,0.0001,0.5807967747213009,0.5807970994241436,3.247028427244558e-07,0.9999997944507125,3.247028427244558e-07
resid,resid_MolWt,orthogonal_rotation,1,0.0001,0.5807967747213009,0.5807970994241461,3.247028452779688e-07,0.9999997944507123,3.247028452779688e-07
resid,resid_MolWt,orthogonal_rotation,2,0.0001,0.5807967747213009,0.5807970994241434,3.247028425024112e-07,0.9999997944507125,3.247028425024112e-07
resid,resid_MolWt,orthogonal_rotation,3,0.0001,0.5807967747213009,0.5807970994241465,3.247028456110357e-07,0.9999997944507126,3.247028456110357e-07
resid,resid_MolWt,orthogonal_rotation,4,0.0001,0.5807967747213009,0.5807970994241429,3.24702842058322e-07,0.9999997944507125,3.24702842058322e-07
resid,resid_MolWt,sign_flip,0,0.0001,0.5807967747213009,0.5807970994241459,3.2470284505592417e-07,0.9999997944507125,3.2470284505592417e-07
resid,resid_MolWt,sign_flip,1,0.0001,0.5807967747213009,0.5807970994241459,3.2470284505592417e-07,0.9999997944507125,3.2470284505592417e-07
resid,resid_MolWt,sign_flip,2,0.0001,0.5807967747213009,0.5807970994241459,3.2470284505592417e-07,0.9999997944507125,3.2470284505592417e-07
resid,resid_MolWt,sign_flip,3,0.0001,0.5807967747213009,0.5807970994241459,3.2470284505592417e-07,0.9999997944507125,3.2470284505592417e-07
resid,resid_MolWt,sign_flip,4,0.0001,0.5807967747213009,0.5807970994241459,3.2470284505592417e-07,0.9999997944507125,3.2470284505592417e-07
resid,resid_MolWt,dimension_permutation,0,0.0001,0.5807967747213009,0.5807970994241463,3.247028453889911e-07,0.9999997944507125,3.247028453889911e-07
resid,resid_MolWt,dimension_permutation,1,0.0001,0.5807967747213009,0.580797099424146,3.247028451669465e-07,0.9999997944507129,3.247028451669465e-07
resid,resid_MolWt,dimension_permutation,2,0.0001,0.5807967747213009,0.5807970994241459,3.2470284505592417e-07,0.9999997944507129,3.2470284505592417e-07
resid,resid_MolWt,dimension_permutation,3,0.0001,0.5807967747213009,0.5807970994241465,3.247028456110357e-07,0.9999997944507126,3.247028456110357e-07
resid,resid_MolWt,dimension_permutation,4,0.0001,0.5807967747213009,0.5807970994241463,3.247028453889911e-07,0.9999997944507126,3.247028453889911e-07
resid,resid_ExactMolWt,orthogonal_rotation,0,0.0001,0.5778474953897239,0.5778478140894006,3.186996766491035e-07,0.999999808781319,3.186996766491035e-07
resid,resid_ExactMolWt,orthogonal_rotation,1,0.0001,0.5778474953897239,0.577847814089404,3.1869968009079486e-07,0.9999998087813191,3.1869968009079486e-07
resid,resid_ExactMolWt,orthogonal_rotation,2,0.0001,0.5778474953897239,0.5778478140894012,3.186996773152373e-07,0.9999998087813191,3.186996773152373e-07
resid,resid_ExactMolWt,orthogonal_rotation,3,0.0001,0.5778474953897239,0.5778478140894019,3.186996779813711e-07,0.999999808781319,3.186996779813711e-07
resid,resid_ExactMolWt,orthogonal_rotation,4,0.0001,0.5778474953897239,0.5778478140893992,3.1869967531683585e-07,0.9999998087813191,3.1869967531683585e-07
resid,resid_ExactMolWt,sign_flip,0,0.0001,0.5778474953897239,0.5778478140893996,3.1869967564990276e-07,0.9999998087813193,3.1869967564990276e-07
resid,resid_ExactMolWt,sign_flip,1,0.0001,0.5778474953897239,0.5778478140893996,3.1869967564990276e-07,0.9999998087813193,3.1869967564990276e-07
resid,resid_ExactMolWt,sign_flip,2,0.0001,0.5778474953897239,0.5778478140893996,3.1869967564990276e-07,0.9999998087813193,3.1869967564990276e-07
resid,resid_ExactMolWt,sign_flip,3,0.0001,0.5778474953897239,0.5778478140893996,3.1869967564990276e-07,0.9999998087813193,3.1869967564990276e-07
resid,resid_ExactMolWt,sign_flip,4,0.0001,0.5778474953897239,0.5778478140893996,3.1869967564990276e-07,0.9999998087813193,3.1869967564990276e-07
resid,resid_ExactMolWt,dimension_permutation,0,0.0001,0.5778474953897239,0.5778478140893997,3.1869967576092506e-07,0.9999998087813193,3.1869967576092506e-07
resid,resid_ExactMolWt,dimension_permutation,1,0.0001,0.5778474953897239,0.5778478140893994,3.1869967553888046e-07,0.9999998087813191,3.1869967553888046e-07
resid,resid_ExactMolWt,dimension_permutation,2,0.0001,0.5778474953897239,0.5778478140893992,3.1869967531683585e-07,0.9999998087813193,3.1869967531683585e-07
resid,resid_ExactMolWt,dimension_permutation,3,0.0001,0.5778474953897239,0.5778478140893988,3.1869967487274664e-07,0.9999998087813193,3.1869967487274664e-07
resid,resid_ExactMolWt,dimension_permutation,4,0.0001,0.5778474953897239,0.577847814089399,3.1869967509479125e-07,0.9999998087813193,3.1869967509479125e-07
resid,resid_HeavyAtomCount,orthogonal_rotation,0,10.0,0.485711735781425,0.4857117144688293,-2.131259568827204e-08,0.9999998345163278,2.131259568827204e-08
resid,resid_HeavyAtomCount,orthogonal_rotation,1,10.0,0.485711735781425,0.48571171446882977,-2.131259524418283e-08,0.9999998345163278,2.131259524418283e-08
resid,resid_HeavyAtomCount,orthogonal_rotation,2,10.0,0.485711735781425,0.4857117144688303,-2.1312594689071318e-08,0.999999834516328,2.1312594689071318e-08
resid,resid_HeavyAtomCount,orthogonal_rotation,3,10.0,0.485711735781425,0.48571171446883177,-2.1312593245781386e-08,0.9999998345163278,2.1312593245781386e-08
resid,resid_HeavyAtomCount,orthogonal_rotation,4,10.0,0.485711735781425,0.48571171446883044,-2.1312594578049016e-08,0.9999998345163277,2.1312594578049016e-08
resid,resid_HeavyAtomCount,sign_flip,0,10.0,0.485711735781425,0.48571171446883,-2.1312595022138225e-08,0.999999834516328,2.1312595022138225e-08
resid,resid_HeavyAtomCount,sign_flip,1,10.0,0.485711735781425,0.48571171446883,-2.1312595022138225e-08,0.999999834516328,2.1312595022138225e-08
resid,resid_HeavyAtomCount,sign_flip,2,10.0,0.485711735781425,0.48571171446883,-2.1312595022138225e-08,0.999999834516328,2.1312595022138225e-08
resid,resid_HeavyAtomCount,sign_flip,3,10.0,0.485711735781425,0.48571171446883,-2.1312595022138225e-08,0.999999834516328,2.1312595022138225e-08
resid,resid_HeavyAtomCount,sign_flip,4,10.0,0.485711735781425,0.48571171446883,-2.1312595022138225e-08,0.999999834516328,2.1312595022138225e-08
resid,resid_HeavyAtomCount,dimension_permutation,0,10.0,0.485711735781425,0.485711714468831,-2.1312594022937503e-08,0.999999834516328,2.1312594022937503e-08
resid,resid_HeavyAtomCount,dimension_permutation,1,10.0,0.485711735781425,0.48571171446883066,-2.131259435600441e-08,0.9999998345163278,2.131259435600441e-08
resid,resid_HeavyAtomCount,dimension_permutation,2,10.0,0.485711735781425,0.48571171446883077,-2.1312594244982108e-08,0.9999998345163278,2.1312594244982108e-08
resid,resid_HeavyAtomCount,dimension_permutation,3,10.0,0.485711735781425,0.48571171446883077,-2.1312594244982108e-08,0.999999834516328,2.1312594244982108e-08
resid,resid_HeavyAtomCount,dimension_permutation,4,10.0,0.485711735781425,0.48571171446883044,-2.1312594578049016e-08,0.9999998345163278,2.1312594578049016e-08
resid,resid_cLogP,orthogonal_rotation,0,10.0,0.6571914991838752,0.6571913000846611,-1.9909921411542797e-07,0.9999997320407652,1.9909921411542797e-07
resid,resid_cLogP,orthogonal_rotation,1,10.0,0.6571914991838752,0.6571913000846608,-1.9909921444849488e-07,0.9999997320407656,1.9909921444849488e-07
resid,resid_cLogP,orthogonal_rotation,2,10.0,0.6571914991838752,0.657191300084659,-1.9909921622485172e-07,0.9999997320407659,1.9909921622485172e-07
resid,resid_cLogP,orthogonal_rotation,3,10.0,0.6571914991838752,0.6571913000846599,-1.990992153366733e-07,0.9999997320407653,1.990992153366733e-07
resid,resid_cLogP,orthogonal_rotation,4,10.0,0.6571914991838752,0.6571913000846602,-1.990992150036064e-07,0.9999997320407655,1.990992150036064e-07
resid,resid_cLogP,sign_flip,0,10.0,0.6571914991838752,0.6571913000846609,-1.9909921433747257e-07,0.9999997320407659,1.9909921433747257e-07
resid,resid_cLogP,sign_flip,1,10.0,0.6571914991838752,0.6571913000846609,-1.9909921433747257e-07,0.9999997320407659,1.9909921433747257e-07
resid,resid_cLogP,sign_flip,2,10.0,0.6571914991838752,0.6571913000846609,-1.9909921433747257e-07,0.9999997320407659,1.9909921433747257e-07
resid,resid_cLogP,sign_flip,3,10.0,0.6571914991838752,0.6571913000846609,-1.9909921433747257e-07,0.9999997320407659,1.9909921433747257e-07
resid,resid_cLogP,sign_flip,4,10.0,0.6571914991838752,0.6571913000846609,-1.9909921433747257e-07,0.9999997320407659,1.9909921433747257e-07
resid,resid_cLogP,dimension_permutation,0,10.0,0.6571914991838752,0.6571913000846601,-1.990992151146287e-07,0.9999997320407656,1.990992151146287e-07
resid,resid_cLogP,dimension_permutation,1,10.0,0.6571914991838752,0.6571913000846606,-1.9909921455951718e-07,0.9999997320407661,1.9909921455951718e-07
resid,resid_cLogP,dimension_permutation,2,10.0,0.6571914991838752,0.657191300084661,-1.9909921422645027e-07,0.9999997320407656,1.9909921422645027e-07
resid,resid_cLogP,dimension_permutation,3,10.0,0.6571914991838752,0.6571913000846619,-1.9909921333827185e-07,0.9999997320407656,1.9909921333827185e-07
resid,resid_cLogP,dimension_permutation,4,10.0,0.6571914991838752,0.6571913000846605,-1.9909921467053948e-07,0.9999997320407656,1.9909921467053948e-07
resid,resid_TPSA,orthogonal_rotation,0,10.0,0.630729628401187,0.6307285698418788,-1.0585593082090838e-06,0.9999996962738567,1.0585593082090838e-06
resid,resid_TPSA,orthogonal_rotation,1,10.0,0.630729628401187,0.6307285698418788,-1.0585593082090838e-06,0.9999996962738569,1.0585593082090838e-06
resid,resid_TPSA,orthogonal_rotation,2,10.0,0.630729628401187,0.6307285698418752,-1.0585593117617975e-06,0.9999996962738569,1.0585593117617975e-06
resid,resid_TPSA,orthogonal_rotation,3,10.0,0.630729628401187,0.6307285698418792,-1.0585593077649946e-06,0.9999996962738569,1.0585593077649946e-06
resid,resid_TPSA,orthogonal_rotation,4,10.0,0.630729628401187,0.6307285698418784,-1.0585593085421507e-06,0.9999996962738567,1.0585593085421507e-06
resid,resid_TPSA,sign_flip,0,10.0,0.630729628401187,0.63072856984188,-1.0585593069878385e-06,0.9999996962738569,1.0585593069878385e-06
resid,resid_TPSA,sign_flip,1,10.0,0.630729628401187,0.63072856984188,-1.0585593069878385e-06,0.9999996962738569,1.0585593069878385e-06
resid,resid_TPSA,sign_flip,2,10.0,0.630729628401187,0.63072856984188,-1.0585593069878385e-06,0.9999996962738569,1.0585593069878385e-06
resid,resid_TPSA,sign_flip,3,10.0,0.630729628401187,0.63072856984188,-1.0585593069878385e-06,0.9999996962738569,1.0585593069878385e-06
resid,resid_TPSA,sign_flip,4,10.0,0.630729628401187,0.63072856984188,-1.0585593069878385e-06,0.9999996962738569,1.0585593069878385e-06
resid,resid_TPSA,dimension_permutation,0,10.0,0.630729628401187,0.6307285698418807,-1.0585593062106824e-06,0.9999996962738569,1.0585593062106824e-06
resid,resid_TPSA,dimension_permutation,1,10.0,0.630729628401187,0.6307285698418805,-1.058559306432727e-06,0.9999996962738569,1.058559306432727e-06
resid,resid_TPSA,dimension_permutation,2,10.0,0.630729628401187,0.6307285698418792,-1.0585593077649946e-06,0.9999996962738572,1.0585593077649946e-06
resid,resid_TPSA,dimension_permutation,3,10.0,0.630729628401187,0.6307285698418799,-1.0585593070988608e-06,0.9999996962738571,1.0585593070988608e-06
resid,resid_TPSA,dimension_permutation,4,10.0,0.630729628401187,0.6307285698418796,-1.0585593073209054e-06,0.9999996962738569,1.0585593073209054e-06
resid,resid_HBD,orthogonal_rotation,0,31.622776601683793,0.3099446572754166,0.30994416503896605,-4.922364505444143e-07,0.9999998270594449,4.922364505444143e-07
resid,resid_HBD,orthogonal_rotation,1,31.622776601683793,0.3099446572754166,0.3099441650389678,-4.922364487680575e-07,0.9999998270594452,4.922364487680575e-07
resid,resid_HBD,orthogonal_rotation,2,31.622776601683793,0.3099446572754166,0.3099441650389665,-4.922364501003251e-07,0.9999998270594452,4.922364501003251e-07
resid,resid_HBD,orthogonal_rotation,3,31.622776601683793,0.3099446572754166,0.3099441650389644,-4.922364522097489e-07,0.9999998270594452,4.922364522097489e-07
resid,resid_HBD,orthogonal_rotation,4,31.622776601683793,0.3099446572754166,0.30994416503896716,-4.922364494341913e-07,0.9999998270594453,4.922364494341913e-07
resid,resid_HBD,sign_flip,0,31.622776601683793,0.3099446572754166,0.3099441650389678,-4.922364487680575e-07,0.9999998270594453,4.922364487680575e-07
resid,resid_HBD,sign_flip,1,31.622776601683793,0.3099446572754166,0.3099441650389678,-4.922364487680575e-07,0.9999998270594453,4.922364487680575e-07
resid,resid_HBD,sign_flip,2,31.622776601683793,0.3099446572754166,0.3099441650389678,-4.922364487680575e-07,0.9999998270594453,4.922364487680575e-07
resid,resid_HBD,sign_flip,3,31.622776601683793,0.3099446572754166,0.3099441650389678,-4.922364487680575e-07,0.9999998270594453,4.922364487680575e-07
resid,resid_HBD,sign_flip,4,31.622776601683793,0.3099446572754166,0.3099441650389678,-4.922364487680575e-07,0.9999998270594453,4.922364487680575e-07
resid,resid_HBD,dimension_permutation,0,31.622776601683793,0.3099446572754166,0.3099441650389678,-4.922364487680575e-07,0.9999998270594453,4.922364487680575e-07
resid,resid_HBD,dimension_permutation,1,31.622776601683793,0.3099446572754166,0.3099441650389674,-4.922364492121467e-07,0.9999998270594452,4.922364492121467e-07
resid,resid_HBD,dimension_permutation,2,31.622776601683793,0.3099446572754166,0.3099441650389675,-4.922364491011244e-07,0.9999998270594452,4.922364491011244e-07
resid,resid_HBD,dimension_permutation,3,31.622776601683793,0.3099446572754166,0.3099441650389676,-4.922364489901021e-07,0.9999998270594453,4.922364489901021e-07
resid,resid_HBD,dimension_permutation,4,31.622776601683793,0.3099446572754166,0.30994416503896727,-4.92236449323169e-07,0.9999998270594452,4.92236449323169e-07
resid,resid_HBA,orthogonal_rotation,0,0.0001,0.635996407284579,0.6359952054251299,-1.2018594490736945e-06,0.9999997374319101,1.2018594490736945e-06
resid,resid_HBA,orthogonal_rotation,1,0.0001,0.635996407284579,0.6359952054251279,-1.201859451072096e-06,0.9999997374319098,1.201859451072096e-06
resid,resid_HBA,orthogonal_rotation,2,0.0001,0.635996407284579,0.6359952054251279,-1.201859451072096e-06,0.9999997374319096,1.201859451072096e-06
resid,resid_HBA,orthogonal_rotation,3,0.0001,0.635996407284579,0.6359952054251299,-1.2018594490736945e-06,0.9999997374319098,1.2018594490736945e-06
resid,resid_HBA,orthogonal_rotation,4,0.0001,0.635996407284579,0.6359952054251303,-1.2018594486296053e-06,0.9999997374319098,1.2018594486296053e-06
resid,resid_HBA,sign_flip,0,0.0001,0.635996407284579,0.635995205425131,-1.2018594479634714e-06,0.9999997374319101,1.2018594479634714e-06
resid,resid_HBA,sign_flip,1,0.0001,0.635996407284579,0.635995205425131,-1.2018594479634714e-06,0.9999997374319101,1.2018594479634714e-06
resid,resid_HBA,sign_flip,2,0.0001,0.635996407284579,0.635995205425131,-1.2018594479634714e-06,0.9999997374319101,1.2018594479634714e-06
resid,resid_HBA,sign_flip,3,0.0001,0.635996407284579,0.635995205425131,-1.2018594479634714e-06,0.9999997374319101,1.2018594479634714e-06
resid,resid_HBA,sign_flip,4,0.0001,0.635996407284579,0.635995205425131,-1.2018594479634714e-06,0.9999997374319101,1.2018594479634714e-06
resid,resid_HBA,dimension_permutation,0,0.0001,0.635996407284579,0.635995205425131,-1.2018594479634714e-06,0.9999997374319103,1.2018594479634714e-06
resid,resid_HBA,dimension_permutation,1,0.0001,0.635996407284579,0.6359952054251307,-1.2018594482965383e-06,0.9999997374319103,1.2018594482965383e-06
resid,resid_HBA,dimension_permutation,2,0.0001,0.635996407284579,0.6359952054251312,-1.2018594477414268e-06,0.9999997374319101,1.2018594477414268e-06
resid,resid_HBA,dimension_permutation,3,0.0001,0.635996407284579,0.6359952054251307,-1.2018594482965383e-06,0.9999997374319101,1.2018594482965383e-06
resid,resid_HBA,dimension_permutation,4,0.0001,0.635996407284579,0.6359952054251309,-1.2018594480744937e-06,0.9999997374319098,1.2018594480744937e-06
resid,resid_NumRotatableBonds,orthogonal_rotation,0,0.03162277660168379,0.2998592646252903,0.2998590468881194,-2.1773717090445288e-07,0.9999998166526759,2.1773717090445288e-07
resid,resid_NumRotatableBonds,orthogonal_rotation,1,0.03162277660168379,0.2998592646252903,0.2998590468881204,-2.1773716990525216e-07,0.999999816652676,2.1773716990525216e-07
resid,resid_NumRotatableBonds,orthogonal_rotation,2,0.03162277660168379,0.2998592646252903,0.2998590468881204,-2.1773716990525216e-07,0.9999998166526763,2.1773716990525216e-07
resid,resid_NumRotatableBonds,orthogonal_rotation,3,0.03162277660168379,0.2998592646252903,0.29985904688812026,-2.1773717001627446e-07,0.999999816652676,2.1773717001627446e-07
resid,resid_NumRotatableBonds,orthogonal_rotation,4,0.03162277660168379,0.2998592646252903,0.2998590468881164,-2.1773717390205505e-07,0.9999998166526759,2.1773717390205505e-07
resid,resid_NumRotatableBonds,sign_flip,0,0.03162277660168379,0.2998592646252903,0.2998590468881206,-2.1773716968320755e-07,0.9999998166526759,2.1773716968320755e-07
resid,resid_NumRotatableBonds,sign_flip,1,0.03162277660168379,0.2998592646252903,0.2998590468881206,-2.1773716968320755e-07,0.9999998166526759,2.1773716968320755e-07
resid,resid_NumRotatableBonds,sign_flip,2,0.03162277660168379,0.2998592646252903,0.2998590468881206,-2.1773716968320755e-07,0.9999998166526759,2.1773716968320755e-07
resid,resid_NumRotatableBonds,sign_flip,3,0.03162277660168379,0.2998592646252903,0.2998590468881206,-2.1773716968320755e-07,0.9999998166526759,2.1773716968320755e-07
resid,resid_NumRotatableBonds,sign_flip,4,0.03162277660168379,0.2998592646252903,0.2998590468881206,-2.1773716968320755e-07,0.9999998166526759,2.1773716968320755e-07
resid,resid_NumRotatableBonds,dimension_permutation,0,0.03162277660168379,0.2998592646252903,0.29985904688812026,-2.1773717001627446e-07,0.9999998166526757,2.1773717001627446e-07
resid,resid_NumRotatableBonds,dimension_permutation,1,0.03162277660168379,0.2998592646252903,0.2998590468881205,-2.1773716979422986e-07,0.9999998166526759,2.1773716979422986e-07
resid,resid_NumRotatableBonds,dimension_permutation,2,0.03162277660168379,0.2998592646252903,0.29985904688812026,-2.1773717001627446e-07,0.9999998166526758,2.1773717001627446e-07
resid,resid_NumRotatableBonds,dimension_permutation,3,0.03162277660168379,0.2998592646252903,0.29985904688811993,-2.1773717034934137e-07,0.9999998166526758,2.1773717034934137e-07
resid,resid_NumRotatableBonds,dimension_permutation,4,0.03162277660168379,0.2998592646252903,0.2998590468881206,-2.1773716968320755e-07,0.9999998166526757,2.1773716968320755e-07
resid,resid_RingCount,orthogonal_rotation,0,10.0,0.6013032744644836,0.601302499866406,-7.745980775686334e-07,0.9999998217310047,7.745980775686334e-07
resid,resid_RingCount,orthogonal_rotation,1,10.0,0.6013032744644836,0.6013024998664076,-7.745980760143212e-07,0.9999998217310045,7.745980760143212e-07
resid,resid_RingCount,orthogonal_rotation,2,10.0,0.6013032744644836,0.6013024998664062,-7.745980774576111e-07,0.9999998217310047,7.745980774576111e-07
resid,resid_RingCount,orthogonal_rotation,3,10.0,0.6013032744644836,0.6013024998664067,-7.745980769024996e-07,0.9999998217310049,7.745980769024996e-07
resid,resid_RingCount,orthogonal_rotation,4,10.0,0.6013032744644836,0.6013024998664076,-7.745980760143212e-07,0.9999998217310049,7.745980760143212e-07
resid,resid_RingCount,sign_flip,0,10.0,0.6013032744644836,0.6013024998664067,-7.745980769024996e-07,0.9999998217310051,7.745980769024996e-07
resid,resid_RingCount,sign_flip,1,10.0,0.6013032744644836,0.6013024998664067,-7.745980769024996e-07,0.9999998217310051,7.745980769024996e-07
resid,resid_RingCount,sign_flip,2,10.0,0.6013032744644836,0.6013024998664067,-7.745980769024996e-07,0.9999998217310051,7.745980769024996e-07
resid,resid_RingCount,sign_flip,3,10.0,0.6013032744644836,0.6013024998664067,-7.745980769024996e-07,0.9999998217310051,7.745980769024996e-07
resid,resid_RingCount,sign_flip,4,10.0,0.6013032744644836,0.6013024998664067,-7.745980769024996e-07,0.9999998217310051,7.745980769024996e-07
resid,resid_RingCount,dimension_permutation,0,10.0,0.6013032744644836,0.601302499866406,-7.745980775686334e-07,0.9999998217310051,7.745980775686334e-07
resid,resid_RingCount,dimension_permutation,1,10.0,0.6013032744644836,0.6013024998664063,-7.745980773465888e-07,0.9999998217310049,7.745980773465888e-07
resid,resid_RingCount,dimension_permutation,2,10.0,0.6013032744644836,0.6013024998664069,-7.74598076680455e-07,0.9999998217310051,7.74598076680455e-07
resid,resid_RingCount,dimension_permutation,3,10.0,0.6013032744644836,0.6013024998664062,-7.745980774576111e-07,0.9999998217310051,7.745980774576111e-07
resid,resid_RingCount,dimension_permutation,4,10.0,0.6013032744644836,0.6013024998664068,-7.745980767914773e-07,0.9999998217310052,7.745980767914773e-07
resid,resid_AromaticRingCount,orthogonal_rotation,0,0.0001,0.7210166356416896,0.7210167332650836,9.762339403529552e-08,0.9999998425563623,9.762339403529552e-08
resid,resid_AromaticRingCount,orthogonal_rotation,1,0.0001,0.7210166356416896,0.7210167332650821,9.762339248098328e-08,0.9999998425563623,9.762339248098328e-08
resid,resid_AromaticRingCount,orthogonal_rotation,2,0.0001,0.7210166356416896,0.7210167332650823,9.762339270302789e-08,0.9999998425563623,9.762339270302789e-08
resid,resid_AromaticRingCount,orthogonal_rotation,3,0.0001,0.7210166356416896,0.7210167332650823,9.762339270302789e-08,0.9999998425563623,9.762339270302789e-08
resid,resid_AromaticRingCount,orthogonal_rotation,4,0.0001,0.7210166356416896,0.7210167332650816,9.762339203689407e-08,0.9999998425563623,9.762339203689407e-08
resid,resid_AromaticRingCount,sign_flip,0,0.0001,0.7210166356416896,0.7210167332650821,9.762339248098328e-08,0.9999998425563623,9.762339248098328e-08
resid,resid_AromaticRingCount,sign_flip,1,0.0001,0.7210166356416896,0.7210167332650821,9.762339248098328e-08,0.9999998425563623,9.762339248098328e-08
resid,resid_AromaticRingCount,sign_flip,2,0.0001,0.7210166356416896,0.7210167332650821,9.762339248098328e-08,0.9999998425563623,9.762339248098328e-08
resid,resid_AromaticRingCount,sign_flip,3,0.0001,0.7210166356416896,0.7210167332650821,9.762339248098328e-08,0.9999998425563623,9.762339248098328e-08
resid,resid_AromaticRingCount,sign_flip,4,0.0001,0.7210166356416896,0.7210167332650821,9.762339248098328e-08,0.9999998425563623,9.762339248098328e-08
resid,resid_AromaticRingCount,dimension_permutation,0,0.0001,0.7210166356416896,0.7210167332650829,9.76233932581394e-08,0.9999998425563623,9.76233932581394e-08
resid,resid_AromaticRingCount,dimension_permutation,1,0.0001,0.7210166356416896,0.721016733265083,9.76233933691617e-08,0.9999998425563622,9.76233933691617e-08
resid,resid_AromaticRingCount,dimension_permutation,2,0.0001,0.7210166356416896,0.7210167332650825,9.76233929250725e-08,0.9999998425563624,9.76233929250725e-08
resid,resid_AromaticRingCount,dimension_permutation,3,0.0001,0.7210166356416896,0.7210167332650823,9.762339270302789e-08,0.9999998425563625,9.762339270302789e-08
resid,resid_AromaticRingCount,dimension_permutation,4,0.0001,0.7210166356416896,0.7210167332650829,9.76233932581394e-08,0.9999998425563624,9.76233932581394e-08
resid,resid_FractionCSP3,orthogonal_rotation,0,3.1622776601683795,0.7843117942077705,0.7843116401363689,-1.5407140163681277e-07,0.999999793630762,1.5407140163681277e-07
resid,resid_FractionCSP3,orthogonal_rotation,1,3.1622776601683795,0.7843117942077705,0.7843116401363669,-1.540714036352142e-07,0.9999997936307621,1.540714036352142e-07
resid,resid_FractionCSP3,orthogonal_rotation,2,3.1622776601683795,0.7843117942077705,0.784311640136369,-1.5407140152579046e-07,0.9999997936307617,1.5407140152579046e-07
resid,resid_FractionCSP3,orthogonal_rotation,3,3.1622776601683795,0.7843117942077705,0.7843116401363683,-1.5407140219192428e-07,0.9999997936307617,1.5407140219192428e-07
resid,resid_FractionCSP3,orthogonal_rotation,4,3.1622776601683795,0.7843117942077705,0.7843116401363688,-1.5407140174783507e-07,0.9999997936307617,1.5407140174783507e-07
resid,resid_FractionCSP3,sign_flip,0,3.1622776601683795,0.7843117942077705,0.7843116401363684,-1.5407140208090198e-07,0.9999997936307617,1.5407140208090198e-07
resid,resid_FractionCSP3,sign_flip,1,3.1622776601683795,0.7843117942077705,0.7843116401363684,-1.5407140208090198e-07,0.9999997936307617,1.5407140208090198e-07
resid,resid_FractionCSP3,sign_flip,2,3.1622776601683795,0.7843117942077705,0.7843116401363684,-1.5407140208090198e-07,0.9999997936307617,1.5407140208090198e-07
resid,resid_FractionCSP3,sign_flip,3,3.1622776601683795,0.7843117942077705,0.7843116401363684,-1.5407140208090198e-07,0.9999997936307617,1.5407140208090198e-07
resid,resid_FractionCSP3,sign_flip,4,3.1622776601683795,0.7843117942077705,0.7843116401363684,-1.5407140208090198e-07,0.9999997936307617,1.5407140208090198e-07
resid,resid_FractionCSP3,dimension_permutation,0,3.1622776601683795,0.7843117942077705,0.784311640136369,-1.5407140152579046e-07,0.9999997936307617,1.5407140152579046e-07
resid,resid_FractionCSP3,dimension_permutation,1,3.1622776601683795,0.7843117942077705,0.7843116401363689,-1.5407140163681277e-07,0.999999793630762,1.5407140163681277e-07
resid,resid_FractionCSP3,dimension_permutation,2,3.1622776601683795,0.7843117942077705,0.7843116401363689,-1.5407140163681277e-07,0.999999793630762,1.5407140163681277e-07
resid,resid_FractionCSP3,dimension_permutation,3,3.1622776601683795,0.7843117942077705,0.7843116401363687,-1.5407140185885737e-07,0.9999997936307617,1.5407140185885737e-07
resid,resid_FractionCSP3,dimension_permutation,4,3.1622776601683795,0.7843117942077705,0.784311640136369,-1.5407140152579046e-07,0.9999997936307617,1.5407140152579046e-07
resid,resid_NumSpiroAtoms,orthogonal_rotation,0,31.622776601683793,0.0504271117670236,0.05042653375328521,-5.780137383934458e-07,0.9999998213292642,5.780137383934458e-07
resid,resid_NumSpiroAtoms,orthogonal_rotation,1,31.622776601683793,0.0504271117670236,0.05042653375328521,-5.780137383934458e-07,0.9999998213292642,5.780137383934458e-07
resid,resid_NumSpiroAtoms,orthogonal_rotation,2,31.622776601683793,0.0504271117670236,0.05042653375328465,-5.780137389485573e-07,0.9999998213292643,5.780137389485573e-07
resid,resid_NumSpiroAtoms,orthogonal_rotation,3,31.622776601683793,0.0504271117670236,0.05042653375328554,-5.780137380603789e-07,0.9999998213292642,5.780137380603789e-07
resid,resid_NumSpiroAtoms,orthogonal_rotation,4,31.622776601683793,0.0504271117670236,0.05042653375328454,-5.780137390595796e-07,0.9999998213292643,5.780137390595796e-07
resid,resid_NumSpiroAtoms,sign_flip,0,31.622776601683793,0.0504271117670236,0.05042653375328632,-5.780137372832228e-07,0.9999998213292643,5.780137372832228e-07
resid,resid_NumSpiroAtoms,sign_flip,1,31.622776601683793,0.0504271117670236,0.05042653375328632,-5.780137372832228e-07,0.9999998213292643,5.780137372832228e-07
resid,resid_NumSpiroAtoms,sign_flip,2,31.622776601683793,0.0504271117670236,0.05042653375328632,-5.780137372832228e-07,0.9999998213292643,5.780137372832228e-07
resid,resid_NumSpiroAtoms,sign_flip,3,31.622776601683793,0.0504271117670236,0.05042653375328632,-5.780137372832228e-07,0.9999998213292643,5.780137372832228e-07
resid,resid_NumSpiroAtoms,sign_flip,4,31.622776601683793,0.0504271117670236,0.05042653375328632,-5.780137372832228e-07,0.9999998213292643,5.780137372832228e-07
resid,resid_NumSpiroAtoms,dimension_permutation,0,31.622776601683793,0.0504271117670236,0.05042653375328665,-5.780137369501559e-07,0.9999998213292646,5.780137369501559e-07
resid,resid_NumSpiroAtoms,dimension_permutation,1,31.622776601683793,0.0504271117670236,0.05042653375328676,-5.780137368391336e-07,0.9999998213292646,5.780137368391336e-07
resid,resid_NumSpiroAtoms,dimension_permutation,2,31.622776601683793,0.0504271117670236,0.05042653375328643,-5.780137371722005e-07,0.9999998213292643,5.780137371722005e-07
resid,resid_NumSpiroAtoms,dimension_permutation,3,31.622776601683793,0.0504271117670236,0.05042653375328632,-5.780137372832228e-07,0.9999998213292646,5.780137372832228e-07
resid,resid_NumSpiroAtoms,dimension_permutation,4,31.622776601683793,0.0504271117670236,0.05042653375328643,-5.780137371722005e-07,0.9999998213292643,5.780137371722005e-07
resid,resid_NumBridgeheadAtoms,orthogonal_rotation,0,31.622776601683793,0.0780820078435333,0.07808182363024785,-1.8421328544515614e-07,0.9999998552324956,1.8421328544515614e-07
resid,resid_NumBridgeheadAtoms,orthogonal_rotation,1,31.622776601683793,0.0780820078435333,0.07808182363024763,-1.8421328566720074e-07,0.9999998552324956,1.8421328566720074e-07
resid,resid_NumBridgeheadAtoms,orthogonal_rotation,2,31.622776601683793,0.0780820078435333,0.07808182363024707,-1.8421328622231226e-07,0.9999998552324956,1.8421328622231226e-07
resid,resid_NumBridgeheadAtoms,orthogonal_rotation,3,31.622776601683793,0.0780820078435333,0.07808182363024885,-1.8421328444595542e-07,0.9999998552324956,1.8421328444595542e-07
resid,resid_NumBridgeheadAtoms,orthogonal_rotation,4,31.622776601683793,0.0780820078435333,0.07808182363024907,-1.842132842239108e-07,0.9999998552324956,1.842132842239108e-07
resid,resid_NumBridgeheadAtoms,sign_flip,0,31.622776601683793,0.0780820078435333,0.0780818236302473,-1.8421328600026765e-07,0.9999998552324956,1.8421328600026765e-07
resid,resid_NumBridgeheadAtoms,sign_flip,1,31.622776601683793,0.0780820078435333,0.0780818236302473,-1.8421328600026765e-07,0.9999998552324956,1.8421328600026765e-07
resid,resid_NumBridgeheadAtoms,sign_flip,2,31.622776601683793,0.0780820078435333,0.0780818236302473,-1.8421328600026765e-07,0.9999998552324956,1.8421328600026765e-07
resid,resid_NumBridgeheadAtoms,sign_flip,3,31.622776601683793,0.0780820078435333,0.0780818236302473,-1.8421328600026765e-07,0.9999998552324956,1.8421328600026765e-07
resid,resid_NumBridgeheadAtoms,sign_flip,4,31.622776601683793,0.0780820078435333,0.0780818236302473,-1.8421328600026765e-07,0.9999998552324956,1.8421328600026765e-07
resid,resid_NumBridgeheadAtoms,dimension_permutation,0,31.622776601683793,0.0780820078435333,0.0780818236302474,-1.8421328588924535e-07,0.9999998552324957,1.8421328588924535e-07
resid,resid_NumBridgeheadAtoms,dimension_permutation,1,31.622776601683793,0.0780820078435333,0.07808182363024763,-1.8421328566720074e-07,0.9999998552324956,1.8421328566720074e-07
resid,resid_NumBridgeheadAtoms,dimension_permutation,2,31.622776601683793,0.0780820078435333,0.07808182363024763,-1.8421328566720074e-07,0.9999998552324957,1.8421328566720074e-07
resid,resid_NumBridgeheadAtoms,dimension_permutation,3,31.622776601683793,0.0780820078435333,0.0780818236302473,-1.8421328600026765e-07,0.9999998552324956,1.8421328600026765e-07
resid,resid_NumBridgeheadAtoms,dimension_permutation,4,31.622776601683793,0.0780820078435333,0.0780818236302474,-1.8421328588924535e-07,0.9999998552324953,1.8421328588924535e-07
resid,resid_BertzCT,orthogonal_rotation,0,0.31622776601683794,0.6563915405337957,0.6563910464183701,-4.941154255755364e-07,0.999999845380161,4.941154255755364e-07
resid,resid_BertzCT,orthogonal_rotation,1,0.31622776601683794,0.6563915405337957,0.6563910464183754,-4.941154202464659e-07,0.9999998453801611,4.941154202464659e-07
resid,resid_BertzCT,orthogonal_rotation,2,0.31622776601683794,0.6563915405337957,0.6563910464183746,-4.94115421023622e-07,0.9999998453801611,4.94115421023622e-07
resid,resid_BertzCT,orthogonal_rotation,3,0.31622776601683794,0.6563915405337957,0.6563910464183734,-4.941154222448674e-07,0.9999998453801612,4.941154222448674e-07
resid,resid_BertzCT,orthogonal_rotation,4,0.31622776601683794,0.6563915405337957,0.656391046418372,-4.941154236881573e-07,0.9999998453801611,4.941154236881573e-07
resid,resid_BertzCT,sign_flip,0,0.31622776601683794,0.6563915405337957,0.6563910464183766,-4.941154190252206e-07,0.9999998453801611,4.941154190252206e-07
resid,resid_BertzCT,sign_flip,1,0.31622776601683794,0.6563915405337957,0.6563910464183766,-4.941154190252206e-07,0.9999998453801611,4.941154190252206e-07
resid,resid_BertzCT,sign_flip,2,0.31622776601683794,0.6563915405337957,0.6563910464183766,-4.941154190252206e-07,0.9999998453801611,4.941154190252206e-07
resid,resid_BertzCT,sign_flip,3,0.31622776601683794,0.6563915405337957,0.6563910464183766,-4.941154190252206e-07,0.9999998453801611,4.941154190252206e-07
resid,resid_BertzCT,sign_flip,4,0.31622776601683794,0.6563915405337957,0.6563910464183766,-4.941154190252206e-07,0.9999998453801611,4.941154190252206e-07
resid,resid_BertzCT,dimension_permutation,0,0.31622776601683794,0.6563915405337957,0.6563910464183762,-4.941154194693098e-07,0.9999998453801611,4.941154194693098e-07
resid,resid_BertzCT,dimension_permutation,1,0.31622776601683794,0.6563915405337957,0.656391046418376,-4.941154196913544e-07,0.9999998453801614,4.941154196913544e-07
resid,resid_BertzCT,dimension_permutation,2,0.31622776601683794,0.6563915405337957,0.6563910464183764,-4.941154192472652e-07,0.9999998453801611,4.941154192472652e-07
resid,resid_BertzCT,dimension_permutation,3,0.31622776601683794,0.6563915405337957,0.6563910464183762,-4.941154194693098e-07,0.9999998453801613,4.941154194693098e-07
resid,resid_BertzCT,dimension_permutation,4,0.31622776601683794,0.6563915405337957,0.6563910464183762,-4.941154194693098e-07,0.9999998453801613,4.941154194693098e-07
resid,resid_QED,orthogonal_rotation,0,0.03162277660168379,0.3651789919078487,0.36517872773675086,-2.641710978301681e-07,0.999999852610673,2.641710978301681e-07
resid,resid_QED,orthogonal_rotation,1,0.03162277660168379,0.3651789919078487,0.3651787277367512,-2.641710974971012e-07,0.9999998526106733,2.641710974971012e-07
resid,resid_QED,orthogonal_rotation,2,0.03162277660168379,0.3651789919078487,0.3651787277367512,-2.641710974971012e-07,0.999999852610673,2.641710974971012e-07
resid,resid_QED,orthogonal_rotation,3,0.03162277660168379,0.3651789919078487,0.36517872773675075,-2.641710979411904e-07,0.9999998526106731,2.641710979411904e-07
resid,resid_QED,orthogonal_rotation,4,0.03162277660168379,0.3651789919078487,0.3651787277367501,-2.6417109860732424e-07,0.9999998526106729,2.6417109860732424e-07
resid,resid_QED,sign_flip,0,0.03162277660168379,0.3651789919078487,0.3651787277367541,-2.6417109461052135e-07,0.999999852610673,2.6417109461052135e-07
resid,resid_QED,sign_flip,1,0.03162277660168379,0.3651789919078487,0.3651787277367541,-2.6417109461052135e-07,0.999999852610673,2.6417109461052135e-07
resid,resid_QED,sign_flip,2,0.03162277660168379,0.3651789919078487,0.3651787277367541,-2.6417109461052135e-07,0.999999852610673,2.6417109461052135e-07
resid,resid_QED,sign_flip,3,0.03162277660168379,0.3651789919078487,0.3651787277367541,-2.6417109461052135e-07,0.999999852610673,2.6417109461052135e-07
resid,resid_QED,sign_flip,4,0.03162277660168379,0.3651789919078487,0.3651787277367541,-2.6417109461052135e-07,0.999999852610673,2.6417109461052135e-07
resid,resid_QED,dimension_permutation,0,0.03162277660168379,0.3651789919078487,0.3651787277367542,-2.6417109449949905e-07,0.9999998526106729,2.6417109449949905e-07
resid,resid_QED,dimension_permutation,1,0.03162277660168379,0.3651789919078487,0.3651787277367544,-2.6417109427745444e-07,0.9999998526106731,2.6417109427745444e-07
resid,resid_QED,dimension_permutation,2,0.03162277660168379,0.3651789919078487,0.3651787277367541,-2.6417109461052135e-07,0.9999998526106733,2.6417109461052135e-07
resid,resid_QED,dimension_permutation,3,0.03162277660168379,0.3651789919078487,0.3651787277367542,-2.6417109449949905e-07,0.9999998526106731,2.6417109449949905e-07
resid,resid_QED,dimension_permutation,4,0.03162277660168379,0.3651789919078487,0.3651787277367541,-2.6417109461052135e-07,0.9999998526106733,2.6417109461052135e-07
